{"check": "PyES project file --- DO NOT MODIFY THIS LINE!", "nc": 3, "ns": 16, "np": 0, "emode": false, "imode": 0, "ris": 0.0, "a": 0.0, "b": 0.0, "c0": 0.0, "c1": 0.0, "d0": 0.0, "d1": 0.0, "e0": 0.0, "e1": 0.0, "dmode": 1, "v0": 0.0, "initv": 0.0, "vinc": 0.0, "nop": 1.0, "c0back": 0.0, "ctback": 0.0, "ind_comp": 2, "initialLog": 1.0, "finalLog": 12.0, "logInc": 0.1, "cback": 0.0, "jacobian_mode": "Normal mode", "max_nr_iters": 200, "compModel": {"Name": {"0": "Zn", "1": "EDTA", "2": "H"}, "Charge": {"0": 0, "1": 0, "2": 0}}, "concModel": {"C0": {"Zn": 0.001944, "EDTA": 0.001988, "H": 0.0}, "CT": {"Zn": 0.0, "EDTA": 0.0, "H": 0.0}, "Sigma C0": {"Zn": 0.0, "EDTA": 0.0, "H": 0.0}, "Sigma CT": {"Zn": 0.0, "EDTA": 0.0, "H": 0.0}}, "speciesModel": {"Ignored": {"0": false, "1": false, "2": false, "3": false, "4": false, "5": false, "6": false, "7": false, "8": false, "9": false, "10": false, "11": false, "12": false, "13": false, "14": false, "15": false}, "Name": {"0": "(OH)", "1": "(Zn)(OH)", "2": "(Zn)(OH)2", "3": "(Zn)(OH)3", "4": "(Zn)(OH)4", "5": "(Zn)2(OH)", "6": "(Zn)2(OH)6", "7": "(EDTA)(H)", "8": "(EDTA)(H)2", "9": "(EDTA)(H)3", "10": "(EDTA)(H)4", "11": "(EDTA)(H)5", "12": "(EDTA)(H)6", "13": "(Zn)(EDTA)", "14": "(Zn)(EDTA)(H)", "15": "(EDTA)(OH)"}, "LogB": {"0": -13.78, "1": -8.96, "2": -17.82, "3": -28.05, "4": -40.41, "5": -7.9, "6": -57.53, "7": 10.15, "8": 16.3, "9": 19.02, "10": 21.04, "11": 22.39, "12": 22.46, "13": 16.4, "14": 19.6, "15": 4.61}, "Sigma": {"0": 0.0, "1": 0.0, "2": 0.0, "3": 0.0, "4": 0.0, "5": 0.0, "6": 0.0, "7": 0.0, "8": 0.0, "9": 0.0, "10": 0.0, "11": 0.0, "12": 0.0, "13": 0.0, "14": 0.0, "15": 0.0}, "Ref. Ionic Str.": {"0": 0.0, "1": 0.0, "2": 0.0, "3": 0.0, "4": 0.0, "5": 0.0, "6": 0.0, "7": 0.0, "8": 0.0, "9": 0.0, "10": 0.0, "11": 0.0, "12": 0.0, "13": 0.0, "14": 0.0, "15": 0.0}, "CGF": {"0": 0.0, "1": 0.0, "2": 0.0, "3": 0.0, "4": 0.0, "5": 0.0, "6": 0.0, "7": 0.0, "8": 0.0, "9": 0.0, "10": 0.0, "11": 0.0, "12": 0.0, "13": 0.0, "14": 0.0, "15": 0.0}, "DGF": {"0": 0.0, "1": 0.0, "2": 0.0, "3": 0.0, "4": 0.0, "5": 0.0, "6": 0.0, "7": 0.0, "8": 0.0, "9": 0.0, "10": 0.0, "11": 0.0, "12": 0.0, "13": 0.0, "14": 0.0, "15": 0.0}, "EGF": {"0": 0.0, "1": 0.0, "2": 0.0, "3": 0.0, "4": 0.0, "5": 0.0, "6": 0.0, "7": 0.0, "8": 0.0, "9": 0.0, "10": 0.0, "11": 0.0, "12": 0.0, "13": 0.0, "14": 0.0, "15": 0.0}, "Zn": {"0": 0, "1": 1, "2": 1, "3": 1, "4": 1, "5": 2, "6": 2, "7": 0, "8": 0, "9": 0, "10": 0, "11": 0, "12": 0, "13": 1, "14": 1, "15": 0}, "EDTA": {"0": 0, "1": 0, "2": 0, "3": 0, "4": 0, "5": 0, "6": 0, "7": 1, "8": 1, "9": 1, "10": 1, "11": 1, "12": 1, "13": 1, "14": 1, "15": 1}, "H": {"0": -1, "1": -1, "2": -2, "3": -3, "4": -4, "5": -1, "6": -6, "7": 1, "8": 2, "9": 3, "10": 4, "11": 5, "12": 6, "13": 0, "14": 1, "15": -1}, "Ref. Comp.": {"0": "Zn", "1": "Zn", "2": "Zn", "3": "Zn", "4": "Zn", "5": "Zn", "6": "Zn", "7": "Zn", "8": "Zn", "9": "Zn", "10": "Zn", "11": "Zn", "12": "Zn", "13": "Zn", "14": "Zn", "15": "Zn"}}, "solidSpeciesModel": {"Ignored": {}, "Name": {}, "LogKs": {}, "Sigma": {}, "Ref. Ionic Str.": {}, "CGF": {}, "DGF": {}, "EGF": {}, "Zn": {}, "EDTA": {}, "H": {}, "Ref. Comp.": {}}}